"Data Source","World Development Indicators",

"Last Updated Date","2018-05-21",

"Country Name","Country Code","Indicator Name","Indicator Code","1960","1961","1962","1963","1964","1965","1966","1967","1968","1969","1970","1971","1972","1973","1974","1975","1976","1977","1978","1979","1980","1981","1982","1983","1984","1985","1986","1987","1988","1989","1990","1991","1992","1993","1994","1995","1996","1997","1998","1999","2000","2001","2002","2003","2004","2005","2006","2007","2008","2009","2010","2011","2012","2013","2014","2015","2016","2017",
"Aruba","ABW","Bank nonperforming loans to total gross loans (%)","FB.AST.NPER.ZS","","","","","","","","","","","","","","","","","","","","","","","","","","","","","","","","","","","","","","","","","","","","","","","","","","","","","","","","","","",
"Afghanistan","AFG","Bank nonperforming loans to total gross loans (%)","FB.AST.NPER.ZS","","","","","","","","","","","","","","","","","","","","","","","","","","","","","","","","","","","","","","","","","","","","","","","","","","","49.9013229069412","4.6968178252385","4.95890140377645","4.85228704838131","7.7810908959605","12.0536179767696","11.0743789647307","",
"Angola","AGO","Bank nonperforming loans to total gross loans (%)","FB.AST.NPER.ZS","","","","","","","","","","","","","","","","","","","","","","","","","","","","","","","","","","","","","","","","","","","","","","","","","","","3.17305056414187","2.01496821504011","4.35011884491608","7.97676918024597","10.1905320738466","10.6112339715733","","",
"Albania","ALB","Bank nonperforming loans to total gross loans (%)","FB.AST.NPER.ZS","","","","","","","","","","","","","","","","","","","","","","","","","","","","","","","","","","","","","","","","","","","","","","","","","","","","","","","","","","",
"Andorra","AND","Bank nonperforming loans to total gross loans (%)","FB.AST.NPER.ZS","","","","","","","","","","","","","","","","","","","","","","","","","","","","","","","","","","","","","","","","","","","","","","","","","","","","","","","","","","",
"Arab World","ARB","Bank nonperforming loans to total gross loans (%)","FB.AST.NPER.ZS","","","","","","","","","","","","","","","","","","","","","","","","","","","","","","","","","","","","","","","","","","","","","","","","","","","","","","","","","","",
"United Arab Emirates","ARE","Bank nonperforming loans to total gross loans (%)","FB.AST.NPER.ZS","","","","","","","","","","","","","","","","","","","","","","","","","","","","","","","","","","","","","","","","","","","","","","","","","","4.17812783392795","5.26698896173513","6.08629581295722","7.12965175228017","6.73555170490737","5.63661628252583","5.19506180189675","5.29846353155647","",
"Argentina","ARG","Bank nonperforming loans to total gross loans (%)","FB.AST.NPER.ZS","","","","","","","","","","","","","","","","","","","","","","","","","","","","","","","","","","","","","","","","","","","","","","7.60664677151002","4.45654348120973","3.24185785401591","3.10838474371201","3.46682830746549","2.11702287385862","1.39559840620402","1.7345487210843","1.73258243136737","1.990064383351","1.73684181834171","1.83660554376284","",
"Armenia","ARM","Bank nonperforming loans to total gross loans (%)","FB.AST.NPER.ZS","","","","","","","","","","","","","","","","","","","","","","","","","","","","","","","","","","","","","","","","","","","","","","1.97208948345974","2.4475556859775","2.40401572394746","4.28418920018598","4.86361900244843","3.04141129948019","3.42109151341693","3.66922217057882","4.48533892299217","6.96975042813576","7.94971668385926","6.72411125058909","",
"American Samoa","ASM","Bank nonperforming loans to total gross loans (%)","FB.AST.NPER.ZS","","","","","","","","","","","","","","","","","","","","","","","","","","","","","","","","","","","","","","","","","","","","","","","","","","","","","","","","","","",
"Antigua and Barbuda","ATG","Bank nonperforming loans to total gross loans (%)","FB.AST.NPER.ZS","","","","","","","","","","","","","","","","","","","","","","","","","","","","","","","","","","","","","","","","","","","","","","","","","","","","","","","","","","",
"Australia","AUS","Bank nonperforming loans to total gross loans (%)","FB.AST.NPER.ZS","","","","","","","","","","","","","","","","","","","","","","","","","","","","","","","","","","","","","","","","","","","","","","0.564453032698765","0.574013140486956","0.559225604529488","1.35526208847002","2.01806458457878","2.149","1.968","1.747","1.399","1.047","0.924","0.979","",
"Austria","AUT","Bank nonperforming loans to total gross loans (%)","FB.AST.NPER.ZS","","","","","","","","","","","","","","","","","","","","","","","","","","","","","","","","","","","","","","","","","","","","","","","2.73942939162815","2.24246731582086","1.90306942802893","2.25042258658752","2.83071715205898","2.70681550509306","2.81336476630545","2.86654169526513","3.47337431453068","3.39283728404187","2.69521741465076","",
"Azerbaijan","AZE","Bank nonperforming loans to total gross loans (%)","FB.AST.NPER.ZS","","","","","","","","","","","","","","","","","","","","","","","","","","","","","","","","","","","","","","","","","","","","","","","","","","","","","","","","","","",
"Burundi","BDI","Bank nonperforming loans to total gross loans (%)","FB.AST.NPER.ZS","","","","","","","","","","","","","","","","","","","","","","","","","","","","","","","","","","","","","","","","","","","","","","","","","","","9.31523574939506","7.39310710399005","8.16828544058576","9.88695195519018","10.8229150487183","17.9166965111326","21.0565185978806","",
"Belgium","BEL","Bank nonperforming loans to total gross loans (%)","FB.AST.NPER.ZS","","","","","","","","","","","","","","","","","","","","","","","","","","","","","","","","","","","","","","","","","","","","","","","1.28016415707089","1.15706380704911","1.65216421885301","3.07543666306607","2.79861058961923","3.30230175656615","3.73825450719312","4.24497740525735","4.17569211829305","3.78935142858271","3.43203325193356","",
"Benin","BEN","Bank nonperforming loans to total gross loans (%)","FB.AST.NPER.ZS","","","","","","","","","","","","","","","","","","","","","","","","","","","","","","","","","","","","","","","","","","","","","","","","","","","","","","","","","","",
"Burkina Faso","BFA","Bank nonperforming loans to total gross loans (%)","FB.AST.NPER.ZS","","","","","","","","","","","","","","","","","","","","","","","","","","","","","","","","","","","","","","","","","","","","","","","","","","","","","","","","","","",
"Bangladesh","BGD","Bank nonperforming loans to total gross loans (%)","FB.AST.NPER.ZS","","","","","","","","","","","","","","","","","","","","","","","","","","","","","","","","","","","","","","","","","","","","","","","","","","","","5.84900153173375","9.72807562789872","8.64185174932391","9.3655406413084","8.39790781352825","","",
"Bulgaria","BGR","Bank nonperforming loans to total gross loans (%)","FB.AST.NPER.ZS","","","","","","","","","","","","","","","","","","","","","","","","","","","","","","","","","","","","","","","","","","","","","","","","","2.40390652919768","6.42293385932725","11.9177087634194","14.9736139565097","16.6263209293069","16.8785208328338","16.7465294214345","14.612050861519","13.1730655335127","",
"Bahrain","BHR","Bank nonperforming loans to total gross loans (%)","FB.AST.NPER.ZS","","","","","","","","","","","","","","","","","","","","","","","","","","","","","","","","","","","","","","","","","","","","","","","","","","","","","","","","","","",
"Bahamas, The","BHS","Bank nonperforming loans to total gross loans (%)","FB.AST.NPER.ZS","","","","","","","","","","","","","","","","","","","","","","","","","","","","","","","","","","","","","","","","","","","","","","","","","","","","","","","","","","",
"Bosnia and Herzegovina","BIH","Bank nonperforming loans to total gross loans (%)","FB.AST.NPER.ZS","","","","","","","","","","","","","","","","","","","","","","","","","","","","","","","","","","","","","","","","","21.215964833505","17.9071007297324","11.0172196258194","8.38582572565641","6.07354427319199","5.27605366757593","3.99876150251155","3.01859191826486","3.09120794221065","5.8712072518763","11.421782175376","11.7997140822193","13.4656882284517","15.1198478740683","14.1653123764986","13.7084158662801","11.7777190845963","",
"Belarus","BLR","Bank nonperforming loans to total gross loans (%)","FB.AST.NPER.ZS","","","","","","","","","","","","","","","","","","","","","","","","","","","","","","","","","","","","","","","","","","","","","","","","","","","3.54880427143014","4.15959581162895","5.50187400609008","4.44733135755543","4.37130403366124","6.83494796382143","12.791174278387","",
"Belize","BLZ","Bank nonperforming loans to total gross loans (%)","FB.AST.NPER.ZS","","","","","","","","","","","","","","","","","","","","","","","","","","","","","","","","","","","","","","","","","","","","","","","","","","","","","","","","","","",
"Bermuda","BMU","Bank nonperforming loans to total gross loans (%)","FB.AST.NPER.ZS","","","","","","","","","","","","","","","","","","","","","","","","","","","","","","","","","","","","","","","","","","","","","","","","","","","","","","","","","","",
"Bolivia","BOL","Bank nonperforming loans to total gross loans (%)","FB.AST.NPER.ZS","","","","","","","","","","","","","","","","","","","","","","","","","","","","","","","","","","","","","","","","","","","","","","","","","","","2.14098016078259","1.64499555407419","1.45359977173878","1.48473224456689","1.50237950472033","1.49992861153731","1.5769576006293","",
"Brazil","BRA","Bank nonperforming loans to total gross loans (%)","FB.AST.NPER.ZS","","","","","","","","","","","","","","","","","","","","","","","","","","","","","","","","","","","","","","","","","","","","","","3.52553179140661","3.46066404520994","2.98260391267765","3.10639256827815","4.21499469701351","3.10772417173934","3.46686409051456","3.44682339262827","2.85728229301093","2.85479995510717","3.31178796015599","3.91663909818561","",
"Barbados","BRB","Bank nonperforming loans to total gross loans (%)","FB.AST.NPER.ZS","","","","","","","","","","","","","","","","","","","","","","","","","","","","","","","","","","","","","","","","","","","","","","","","","","","","","","","","","","",
"Brunei Darussalam","BRN","Bank nonperforming loans to total gross loans (%)","FB.AST.NPER.ZS","","","","","","","","","","","","","","","","","","","","","","","","","","","","","","","","","","","","","","","","","","","","","","","","","","9.36467132030001","6.86702975926534","6.03201397638731","5.37615761868223","4.52530200889505","3.85059424062381","0.399835180405115","4.62526313226275","",
"Bhutan","BTN","Bank nonperforming loans to total gross loans (%)","FB.AST.NPER.ZS","","","","","","","","","","","","","","","","","","","","","","","","","","","","","","","","","","","","","","","","","","","","","","","","","","6.83049027589985","5.20416391006098","3.91859673156024","5.43682266670985","6.95249827882881","6.75215842960992","6.59416841377043","7.18674576794876","",
"Botswana","BWA","Bank nonperforming loans to total gross loans (%)","FB.AST.NPER.ZS","","","","","","","","","","","","","","","","","","","","","","","","","","","","","","","","","","","","","","","","","","","","","","","","","","","","","2.62060809323672","3.61343005876295","3.54945490277661","3.73435524246613","4.85264133334105","",
"Central African Republic","CAF","Bank nonperforming loans to total gross loans (%)","FB.AST.NPER.ZS","","","","","","","","","","","","","","","","","","","","","","","","","","","","","","","","","","","","","","","","","","","","","","","","","","","12.638013591562","11.9962582990471","9.58298323972936","28.5015872065165","27.6621674747739","30.8647524486784","25.6107499230337","",
"Canada","CAN","Bank nonperforming loans to total gross loans (%)","FB.AST.NPER.ZS","","","","","","","","","","","","","","","","","","","","","","","","","","","","","","","","","","","","","","","","","","","","","","0.5","0.4","0.4","0.8","1.3","1.2","0.8","0.7","0.6","0.5","0.5","0.591881702742286","",
"Central Europe and the Baltics","CEB","Bank nonperforming loans to total gross loans (%)","FB.AST.NPER.ZS","","","","","","","","","","","","","","","","","","","","","","","","","","","","","","","","","","","","","","","","","","","","","","","","","2.80546422987001","6.42293385932725","10.0371610997272","12.2729159322381","13.7595527847579","11.5860290373317","8.18605013114376","5.48405189413127","4.5948979512957","",
"Switzerland","CHE","Bank nonperforming loans to total gross loans (%)","FB.AST.NPER.ZS","","","","","","","","","","","","","","","","","","","","","","","","","","","","","","","","","","","","","","","","","","","","","","1.29203303249485","0.957138567701129","0.774380388374949","0.945475351156514","1.12076238927874","0.921783628249647","0.842058153695874","0.794555821014558","0.776052312223016","0.724263677663452","0.749519975348388","0.741591230486108","",
"Channel Islands","CHI","Bank nonperforming loans to total gross loans (%)","FB.AST.NPER.ZS","","","","","","","","","","","","","","","","","","","","","","","","","","","","","","","","","","","","","","","","","","","","","","","","","","","","","","","","","","",
"Chile","CHL","Bank nonperforming loans to total gross loans (%)","FB.AST.NPER.ZS","","","","","","","","","","","","","","","","","","","","","","","","","","","","","","","","","","","","","","","","","","1.61915877786992","1.8229968378738","1.63483787843428","1.20249750508307","0.905289363028412","0.748131241077717","0.750701584683206","0.976461981394739","2.9256375691423","2.69328031371346","2.34645555975677","2.15715182395589","2.1054329203444","2.0596652843164","1.8746632672456","1.83263616219253","",
"China","CHN","Bank nonperforming loans to total gross loans (%)","FB.AST.NPER.ZS","","","","","","","","","","","","","","","","","","","","","","","","","","","","","","","","","","","","","","","","","","","","","","","","","","","1.13237045139299","0.961585528954036","0.953674330051852","0.999702805112438","1.24873335628106","1.67388016445151","1.7467284950583","",
"Cote d'Ivoire","CIV","Bank nonperforming loans to total gross loans (%)","FB.AST.NPER.ZS","","","","","","","","","","","","","","","","","","","","","","","","","","","","","","","","","","","","","","","","","","","","","","","","","","","","","","","","","","",
"Cameroon","CMR","Bank nonperforming loans to total gross loans (%)","FB.AST.NPER.ZS","","","","","","","","","","","","","","","","","","","","","","","","","","","","","","","","","","","","","","","","","","","","","","","","","","","10.1013484732753","11.4467110822484","11.5528007091671","10.2953314100547","9.7016869901582","9.31517696172158","10.6518721492541","",
"Congo, Dem. Rep.","COD","Bank nonperforming loans to total gross loans (%)","FB.AST.NPER.ZS","","","","","","","","","","","","","","","","","","","","","","","","","","","","","","","","","","","","","","","","","","","","","","","","","","","","","","","","","","",
"Congo, Rep.","COG","Bank nonperforming loans to total gross loans (%)","FB.AST.NPER.ZS","","","","","","","","","","","","","","","","","","","","","","","","","","","","","","","","","","","","","","","","","","","","","","","","","","","0.964372338705331","1.07808702532923","1.51931505916018","1.22487549179256","2.50606339593933","3.57257969943872","4.84773546970636","",
"Colombia","COL","Bank nonperforming loans to total gross loans (%)","FB.AST.NPER.ZS","","","","","","","","","","","","","","","","","","","","","","","","","","","","","","","","","","","","","","","","","","","","","","2.74843383039405","2.65981848339105","3.22929327504345","3.93217828600418","4.01283835055224","2.86337656354999","2.49554384848147","2.75844126590859","2.77199266631166","2.91526084121936","2.8476727881339","3.12453653608401","",
"Comoros","COM","Bank nonperforming loans to total gross loans (%)","FB.AST.NPER.ZS","","","","","","","","","","","","","","","","","","","","","","","","","","","","","","","","","","","","","","","","","","","","","","","","","","","15.6595837833882","17.6242756564352","19.7833135448908","18.8619597811953","20.2987213486134","20.5476496154598","","",
"Cabo Verde","CPV","Bank nonperforming loans to total gross loans (%)","FB.AST.NPER.ZS","","","","","","","","","","","","","","","","","","","","","","","","","","","","","","","","","","","","","","","","","","","","","","","","","","","","","","","","","","",
"Costa Rica","CRI","Bank nonperforming loans to total gross loans (%)","FB.AST.NPER.ZS","","","","","","","","","","","","","","","","","","","","","","","","","","","","","","","","","","","","","","","","","","","","","","","","","1.53566142380974","2.05989758950483","1.8552046455176","1.81687656526001","1.74515621736086","1.74861174964302","1.55295060069473","1.66417841493179","1.55323813386631","",
"Caribbean small states","CSS","Bank nonperforming loans to total gross loans (%)","FB.AST.NPER.ZS","","","","","","","","","","","","","","","","","","","","","","","","","","","","","","","","","","","","","","","","","","","","","","","1.35468526139633","0.706313739394777","2.43949335676895","4.88533772882428","6.09055701593636","6.18622767169789","5.32423289788734","4.18396509854302","4.06029704176324","3.40922365291852","3.12500531931932","",
"Cuba","CUB","Bank nonperforming loans to total gross loans (%)","FB.AST.NPER.ZS","","","","","","","","","","","","","","","","","","","","","","","","","","","","","","","","","","","","","","","","","","","","","","","","","","","","","","","","","","",
"Curacao","CUW","Bank nonperforming loans to total gross loans (%)","FB.AST.NPER.ZS","","","","","","","","","","","","","","","","","","","","","","","","","","","","","","","","","","","","","","","","","","","","","","","","","","","","","","","","","","",
"Cayman Islands","CYM","Bank nonperforming loans to total gross loans (%)","FB.AST.NPER.ZS","","","","","","","","","","","","","","","","","","","","","","","","","","","","","","","","","","","","","","","","","","","","","","","","","","","","","","","","","","",
"Cyprus","CYP","Bank nonperforming loans to total gross loans (%)","FB.AST.NPER.ZS","","","","","","","","","","","","","","","","","","","","","","","","","","","","","","","","","","","","","","","","","","","","","","","","","","4.50936302926019","5.82172259923197","9.98623419964975","18.3749456234796","38.5570399026523","44.972072758843","47.7478457712877","48.6758552746368","",
"Czech Republic","CZE","Bank nonperforming loans to total gross loans (%)","FB.AST.NPER.ZS","","","","","","","","","","","","","","","","","","","","","","","","","","","","","","","","","","","","","","","","","","","","","","","","2.36644725441615","2.80546422987001","4.57795308340495","5.38606666822651","5.217252039537","5.23947904730896","5.19728134028281","5.6074178141111","5.48405189413127","4.5948979512957","",
"Germany","DEU","Bank nonperforming loans to total gross loans (%)","FB.AST.NPER.ZS","","","","","","","","","","","","","","","","","","","","","","","","","","","","","","","","","","","","","","","","","","","","","","4.1","3.4","2.7","2.9","3.3","3.2","3.03","2.86","2.7","2.34","1.97","1.69","",
"Djibouti","DJI","Bank nonperforming loans to total gross loans (%)","FB.AST.NPER.ZS","","","","","","","","","","","","","","","","","","","","","","","","","","","","","","","","","","","","","","","","","","","","","","","","","","","","","","","","","","",
"Dominica","DMA","Bank nonperforming loans to total gross loans (%)","FB.AST.NPER.ZS","","","","","","","","","","","","","","","","","","","","","","","","","","","","","","","","","","","","","","","","","","","","","","","","","","","","","","","","","","",
"Denmark","DNK","Bank nonperforming loans to total gross loans (%)","FB.AST.NPER.ZS","","","","","","","","","","","","","","","","","","","","","","","","","","","","","","","","","","","","","","","","","","","","","","","","","","","4.06863631073088","3.66034288721246","5.95051780307892","4.61814370485933","4.40079073803811","3.77854229437268","3.21012338426374","",
"Dominican Republic","DOM","Bank nonperforming loans to total gross loans (%)","FB.AST.NPER.ZS","","","","","","","","","","","","","","","","","","","","","","","","","","","","","","","","","","","","","","","","","","","","","","","","","3.66970837144868","4.27408532265905","3.12919420245535","2.8706380231717","3.45486011402506","2.25179683245479","1.53648993145054","1.72594988860681","1.73698833018976","",
"Algeria","DZA","Bank nonperforming loans to total gross loans (%)","FB.AST.NPER.ZS","","","","","","","","","","","","","","","","","","","","","","","","","","","","","","","","","","","","","","","","","","","","","","","","","","21.1415508110567","18.31","14.3983059633084","11.7263814541696","10.5639712164989","9.20777261433976","9.81216410434653","11.4413799870272","",
"East Asia & Pacific (excluding high income)","EAP","Bank nonperforming loans to total gross loans (%)","FB.AST.NPER.ZS","","","","","","","","","","","","","","","","","","","","","","","","","","","","","","","","","","","","","","","","","","","","","","","","","","","2.83687707768649","2.42492313740664","2.19070623904117","2.07591214438443","2.04575205401682","2.11198871155511","","",
"Early-demographic dividend","EAR","Bank nonperforming loans to total gross loans (%)","FB.AST.NPER.ZS","","","","","","","","","","","","","","","","","","","","","","","","","","","","","","","","","","","","","","","","","","","","","","","","","","","3.12919420245535","2.76420847068128","2.68198784556196","2.80161919761223","2.64147250685562","2.79075891118544","2.85780789607925","",
"East Asia & Pacific","EAS","Bank nonperforming loans to total gross loans (%)","FB.AST.NPER.ZS","","","","","","","","","","","","","","","","","","","","","","","","","","","","","","","","","","","","","","","","","","","","","","","","","","2.02901867116473","2.149","2.14412680479297","2.01584311320696","1.79854386150578","1.64578545979143","1.63763555943935","1.66387274747698","",
"Europe & Central Asia (excluding high income)","ECA","Bank nonperforming loans to total gross loans (%)","FB.AST.NPER.ZS","","","","","","","","","","","","","","","","","","","","","","","","","","","","","","","","","","","","","","","","","","","","","","","","","3.88384824266828","8.41460694061288","9.04070956501971","9.39821221158704","9.46403994934538","10.9395684304263","10.8059133941614","8.34723239726782","9.44473701889198","",
"Europe & Central Asia","ECS","Bank nonperforming loans to total gross loans (%)","FB.AST.NPER.ZS","","","","","","","","","","","","","","","","","","","","","","","","","","","","","","","","","","","","","","","","","","","","","","","","","2.82208199288245","5.293444236956","5.82172259923197","6.00728103382975","6.55111366918828","6.00069133896484","6.73096464772584","6.16237661080171","5.07137685228544","",
"Ecuador","ECU","Bank nonperforming loans to total gross loans (%)","FB.AST.NPER.ZS","","","","","","","","","","","","","","","","","","","","","","","","","","","","","","","","","","","","","","","","","","","10.8699263175749","9.50279114076136","7.19288330162806","5.43472695142331","3.98231074579563","3.69652179480438","3.43917859017453","4.10540266193965","3.35459628765638","3.19772697533527","3.75602134774845","3.55714677312065","3.58371226739211","4.40406418242852","3.96432968780132","",
"Egypt, Arab Rep.","EGY","Bank nonperforming loans to total gross loans (%)","FB.AST.NPER.ZS","","","","","","","","","","","","","","","","","","","","","","","","","","","","","","","","","","","","","","","","","","","","","","","","","","","","","","","","","","",
"Euro area","EMU","Bank nonperforming loans to total gross loans (%)","FB.AST.NPER.ZS","","","","","","","","","","","","","","","","","","","","","","","","","","","","","","","","","","","","","","","","","","","","","","","","","2.80769369127483","5.18450073480208","5.59860449988488","6.86684692928644","8.10384764714542","7.89388504185367","6.76647169553604","4.91022049104961","4.052153729926","",
"Eritrea","ERI","Bank nonperforming loans to total gross loans (%)","FB.AST.NPER.ZS","","","","","","","","","","","","","","","","","","","","","","","","","","","","","","","","","","","","","","","","","","","","","","","","","","","","","","","","","","",
"Spain","ESP","Bank nonperforming loans to total gross loans (%)","FB.AST.NPER.ZS","","","","","","","","","","","","","","","","","","","","","","","","","","","","","","","","","","","","","","","","","","","","","","0.794366110308866","0.70119450576675","0.896581395411671","2.80769369127483","4.1210313362269","4.66837213164141","6.00728103382975","7.48390355952545","9.38072963218674","8.45278234869151","6.16237661080171","5.63525762139676","",
"Estonia","EST","Bank nonperforming loans to total gross loans (%)","FB.AST.NPER.ZS","","","","","","","","","","","","","","","","","","","","","","","","","","","","","","","","","","","","","","","","","","","","","","","","","1.94468477607874","5.20231141689893","5.37548640053779","4.0453074433657","2.62266659520885","1.47462231497043","1.38823609881308","0.98187369073441","0.869768013352352","",
"Ethiopia","ETH","Bank nonperforming loans to total gross loans (%)","FB.AST.NPER.ZS","","","","","","","","","","","","","","","","","","","","","","","","","","","","","","","","","","","","","","","","","","","","","","","","","","","","","","","","","","",
"European Union","EUU","Bank nonperforming loans to total gross loans (%)","FB.AST.NPER.ZS","","","","","","","","","","","","","","","","","","","","","","","","","","","","","","","","","","","","","","","","","","","","","","","","","2.80546422987001","5.18450073480208","5.38606666822651","6.00728103382975","7.48390355952545","6.4070404515206","5.6074178141111","4.94956913376007","4.44366126350552","",
"Fragile and conflict affected situations","FCS","Bank nonperforming loans to total gross loans (%)","FB.AST.NPER.ZS","","","","","","","","","","","","","","","","","","","","","","","","","","","","","","","","","","","","","","","","","","","","","","","","","","","","","","","","","","",
"Finland","FIN","Bank nonperforming loans to total gross loans (%)","FB.AST.NPER.ZS","","","","","","","","","","","","","","","","","","","","","","","","","","","","","","","","","","","","","","","","","","","","","","","","","","","","","","","","","","",
"Fiji","FJI","Bank nonperforming loans to total gross loans (%)","FB.AST.NPER.ZS","","","","","","","","","","","","","","","","","","","","","","","","","","","","","","","","","","","","","","","","","6.83028179331357","8.00083742151754","6.58628549667601","4.65656368194509","4.22617544854177","3.68506394302508","2.45452534963199","5.68211734419274","3.13011678919177","3.74100549201087","4.37272928691285","3.85933735767356","4.18520747199108","2.68785970707066","2.15650347319848","1.44819136922413","2.31502383846776","",
"France","FRA","Bank nonperforming loans to total gross loans (%)","FB.AST.NPER.ZS","","","","","","","","","","","","","","","","","","","","","","","","","","","","","","","","","","","","","","","","","","","","","","","","","2.81942025282791","4.02193112740747","3.75857389340272","4.29144958888442","4.29452327369679","4.49543407979547","4.16249928399605","3.9829130254178","3.63704183056938","",
"Faroe Islands","FRO","Bank nonperforming loans to total gross loans (%)","FB.AST.NPER.ZS","","","","","","","","","","","","","","","","","","","","","","","","","","","","","","","","","","","","","","","","","","","","","","","","","","","","","","","","","","",
"Micronesia, Fed. Sts.","FSM","Bank nonperforming loans to total gross loans (%)","FB.AST.NPER.ZS","","","","","","","","","","","","","","","","","","","","","","","","","","","","","","","","","","","","","","","","","","","","","","","","","","","","","","2.9293549802545","2.63222713016634","2.04401713761094","","",
"Gabon","GAB","Bank nonperforming loans to total gross loans (%)","FB.AST.NPER.ZS","","","","","","","","","","","","","","","","","","","","","","","","","","","","","","","","","","","","","","","","","","","","","","","","","","","3.15900690596519","2.77845670058743","2.54980619434757","2.74240086893029","4.06703210187157","5.25919934797037","6.64629274114046","",
"United Kingdom","GBR","Bank nonperforming loans to total gross loans (%)","FB.AST.NPER.ZS","","","","","","","","","","","","","","","","","","","","","","","","","","","","","","","","","","","","","","","","","","","","","","","","","1.55697368984839","3.50865701820859","3.95483378788783","3.9618682056152","3.58628400773794","3.11174173873799","1.65439245472471","1.01450846580939","0.940161283918784","",
"Georgia","GEO","Bank nonperforming loans to total gross loans (%)","FB.AST.NPER.ZS","","","","","","","","","","","","","","","","","","","","","","","","","","","","","","","","","","","","","","","","","","","","","","","","","","","5.9196827046094","4.52600160107428","3.68025550193123","3.03171606579417","3.027064429527","2.7114511435798","3.44697501744778","",
"Ghana","GHA","Bank nonperforming loans to total gross loans (%)","FB.AST.NPER.ZS","","","","","","","","","","","","","","","","","","","","","","","","","","","","","","","","","","","","","","","","","","","","","","","","","7.67772566797717","16.200000013472","18.0818565043657","14.1459892948403","13.1966714743996","11.9989351569178","11.269173026949","14.6736173400465","17.2944005721658","",
"Gibraltar","GIB","Bank nonperforming loans to total gross loans (%)","FB.AST.NPER.ZS","","","","","","","","","","","","","","","","","","","","","","","","","","","","","","","","","","","","","","","","","","","","","","","","","","","","","","","","","","",
"Guinea","GIN","Bank nonperforming loans to total gross loans (%)","FB.AST.NPER.ZS","","","","","","","","","","","","","","","","","","","","","","","","","","","","","","","","","","","","","","","","","","","","","","","","","","","","","","6.2023356485251","6.06487516391056","6.07175325484793","9.44234465807295","",
"Gambia, The","GMB","Bank nonperforming loans to total gross loans (%)","FB.AST.NPER.ZS","","","","","","","","","","","","","","","","","","","","","","","","","","","","","","","","","","","","","","","","","","","","","","12.5685109343527","13.1872300249818","10.4360871569687","13.6753466789579","12.309189801991","14.5159542755099","12.1459044470398","12.0390048184338","19.0704746911573","7.22312243018901","6.48607001106877","","",
"Guinea-Bissau","GNB","Bank nonperforming loans to total gross loans (%)","FB.AST.NPER.ZS","","","","","","","","","","","","","","","","","","","","","","","","","","","","","","","","","","","","","","","","","","","","","","","","","","","","","","","","","","",
"Equatorial Guinea","GNQ","Bank nonperforming loans to total gross loans (%)","FB.AST.NPER.ZS","","","","","","","","","","","","","","","","","","","","","","","","","","","","","","","","","","","","","","","","","","","","","","","","","","","4.72033072957954","4.41781877081119","5.76775100732085","20.1302259830138","19.7351789788204","16.7990277121713","24.6418719545528","",
"Greece","GRC","Bank nonperforming loans to total gross loans (%)","FB.AST.NPER.ZS","","","","","","","","","","","","","","","","","","","","","","","","","","","","","","","","","","","","","","","","","","","","","","","","","4.67274772895685","6.95395460630733","9.11734433232386","14.4282542935832","23.2703887873912","31.8989384689708","33.7752711350959","36.6474363197793","36.2986661408611","",
"Grenada","GRD","Bank nonperforming loans to total gross loans (%)","FB.AST.NPER.ZS","","","","","","","","","","","","","","","","","","","","","","","","","","","","","","","","","","","","","","","","","","","","","","","","","","","","","","","","","","",
"Greenland","GRL","Bank nonperforming loans to total gross loans (%)","FB.AST.NPER.ZS","","","","","","","","","","","","","","","","","","","","","","","","","","","","","","","","","","","","","","","","","","","","","","","","","","","","","","","","","","",
"Guatemala","GTM","Bank nonperforming loans to total gross loans (%)","FB.AST.NPER.ZS","","","","","","","","","","","","","","","","","","","","","","","","","","","","","","","","","","","","","","","","","","","","","","","","","","2.71061566979647","2.11039674737653","1.60613239480949","1.34453970286515","1.19312533153281","1.28775491932621","1.34732299472207","2.05475436425969","",
"Guam","GUM","Bank nonperforming loans to total gross loans (%)","FB.AST.NPER.ZS","","","","","","","","","","","","","","","","","","","","","","","","","","","","","","","","","","","","","","","","","","","","","","","","","","","","","","","","","","",
"Guyana","GUY","Bank nonperforming loans to total gross loans (%)","FB.AST.NPER.ZS","","","","","","","","","","","","","","","","","","","","","","","","","","","","","","","","","","","","","","","","","","","","","","","","","","","","","","","","","","",
"High income","HIC","Bank nonperforming loans to total gross loans (%)","FB.AST.NPER.ZS","","","","","","","","","","","","","","","","","","","","","","","","","","","","","","","","","","","","","","","","","","","","","","","","","1.93360296361544","4.07148123181718","4.01173504930935","3.78150446863877","3.58628400773794","3.22716888618912","3.47337431453068","3.4010304684802","2.91011136698504","",
"Hong Kong SAR, China","HKG","Bank nonperforming loans to total gross loans (%)","FB.AST.NPER.ZS","","","","","","","","","","","","","","","","","","","","","","","","","","","","","","","","","","","","","","","","","","","","","","","","","1.23","1.58","0.83","0.69","0.6","0.54","0.51","0.73","0.854318088546397","",
"Honduras","HND","Bank nonperforming loans to total gross loans (%)","FB.AST.NPER.ZS","","","","","","","","","","","","","","","","","","","","","","","","","","","","","","","","","","","","","","","","","","","","","","","3.95454002794938","3.0593805851","4.3367954715","4.7395973163","3.6635468745","2.9374170083","3.2872031657","3.3933599295","3.2708024033","3.05632098417855","2.92120388061596","",
"Heavily indebted poor countries (HIPC)","HPC","Bank nonperforming loans to total gross loans (%)","FB.AST.NPER.ZS","","","","","","","","","","","","","","","","","","","","","","","","","","","","","","","","","","","","","","","","","","","","","","","","","","","","","","","","","","",
"Croatia","HRV","Bank nonperforming loans to total gross loans (%)","FB.AST.NPER.ZS","","","","","","","","","","","","","","","","","","","","","","","","","","","","","","","","","","","","","","","","","","","","","","","5.18520494783386","4.75250584044326","4.87222850589704","7.65995176369145","11.0922699048241","12.2729159322381","13.7595527847579","15.4303697522959","16.7060971695267","16.3302563950547","13.6093612689295","",
"Haiti","HTI","Bank nonperforming loans to total gross loans (%)","FB.AST.NPER.ZS","","","","","","","","","","","","","","","","","","","","","","","","","","","","","","","","","","","","","","","","","","","","","","","","","","","","","","","","","","",
"Hungary","HUN","Bank nonperforming loans to total gross loans (%)","FB.AST.NPER.ZS","","","","","","","","","","","","","","","","","","","","","","","","","","","","","","","","","","","","","","","","","","","","","","","","","3.22977053521758","8.23662720561617","10.0371610997272","13.6774946903895","16.042828623319","16.8257283651434","15.6215268130428","11.6631260334093","7.37431889656524","",
"IBRD only","IBD","Bank nonperforming loans to total gross loans (%)","FB.AST.NPER.ZS","","","","","","","","","","","","","","","","","","","","","","","","","","","","","","","","","","","","","","","","","","","","","","","","","3.10738865599508","4.24454000983628","3.17305056414187","2.89275058415662","3.44682339262827","3.50294331849153","3.54945490277661","3.31178796015599","3.44697501744778","",
"IDA & IBRD total","IBT","Bank nonperforming loans to total gross loans (%)","FB.AST.NPER.ZS","","","","","","","","","","","","","","","","","","","","","","","","","","","","","","","","","","","","","","","","","","","","","","","","","","","3.88785784505743","3.66353933429017","3.73062312724838","4.15037241131952","4.10849372368973","4.8608855617133","4.86586241405794","",
"IDA total","IDA","Bank nonperforming loans to total gross loans (%)","FB.AST.NPER.ZS","","","","","","","","","","","","","","","","","","","","","","","","","","","","","","","","","","","","","","","","","","","","","","","","","","","","","","6.06755038882137","6.3441512683264","6.61446463007883","","",
"IDA blend","IDB","Bank nonperforming loans to total gross loans (%)","FB.AST.NPER.ZS","","","","","","","","","","","","","","","","","","","","","","","","","","","","","","","","","","","","","","","","","","","","","","","","","","","8.19641861308481","5.10014948248557","4.14972723402494","4.21990444270319","4.20732904735639","5.4248248176701","10.6518721492541","",
"Indonesia","IDN","Bank nonperforming loans to total gross loans (%)","FB.AST.NPER.ZS","","","","","","","","","","","","","","","","","","","","","","","","","","","","","","","","","","","","","","","","","","","","","","7.33301332365899","5.89271353824892","3.99885509713511","3.18971629952475","3.28838738104322","2.53187560750083","2.14412680479297","1.77338188532309","1.68676678017478","2.0668174536709","2.43104248114155","2.89634913035996","",
"IDA only","IDX","Bank nonperforming loans to total gross loans (%)","FB.AST.NPER.ZS","","","","","","","","","","","","","","","","","","","","","","","","","","","","","","","","","","","","","","","","","","","","","","","","","","","","","","","","","","",
"Isle of Man","IMN","Bank nonperforming loans to total gross loans (%)","FB.AST.NPER.ZS","","","","","","","","","","","","","","","","","","","","","","","","","","","","","","","","","","","","","","","","","","","","","","","","","","","","","","","","","","",
"India","IND","Bank nonperforming loans to total gross loans (%)","FB.AST.NPER.ZS","","","","","","","","","","","","","","","","","","","","","","","","","","","","","","","","","","","","","","","","","","","","","","","","","2.44971206075991","","2.3861328644231","2.67019501469286","3.37395391664123","4.02772863501631","4.34584976316209","5.88352227400692","9.18551946416634","",
"Not classified","INX","Bank nonperforming loans to total gross loans (%)","FB.AST.NPER.ZS","","","","","","","","","","","","","","","","","","","","","","","","","","","","","","","","","","","","","","","","","","","","","","","","","","","","","","","","","","",
"Ireland","IRL","Bank nonperforming loans to total gross loans (%)","FB.AST.NPER.ZS","","","","","","","","","","","","","","","","","","","","","","","","","","","","","","","","","","","","","","","","","","","","","","0.480366744116291","0.534720753421795","0.629176742433281","1.92252115115214","9.7963666080107","13.0469369915307","16.1214680824703","24.9876785519573","25.7085876594263","20.64880382204","14.9348797557405","13.6100623800599","",
"Iran, Islamic Rep.","IRN","Bank nonperforming loans to total gross loans (%)","FB.AST.NPER.ZS","","","","","","","","","","","","","","","","","","","","","","","","","","","","","","","","","","","","","","","","","","","","","","","","","","","","","","","","","","",
"Iraq","IRQ","Bank nonperforming loans to total gross loans (%)","FB.AST.NPER.ZS","","","","","","","","","","","","","","","","","","","","","","","","","","","","","","","","","","","","","","","","","","","","","","","","","","","","","","","","","","",
"Iceland","ISL","Bank nonperforming loans to total gross loans (%)","FB.AST.NPER.ZS","","","","","","","","","","","","","","","","","","","","","","","","","","","","","","","","","","","","","","","","","","","","","","","","","","","","","","","","","","",
"Israel","ISR","Bank nonperforming loans to total gross loans (%)","FB.AST.NPER.ZS","","","","","","","","","","","","","","","","","","","","","","","","","","","","","","","","","","","","","","","","","","","","","","","","","","","","3.41892800877461","3.50100631589921","2.86083752629417","2.15107650305156","1.84478613339795","1.60653149095736","",
"Italy","ITA","Bank nonperforming loans to total gross loans (%)","FB.AST.NPER.ZS","","","","","","","","","","","","","","","","","","","","","","","","","","","","","","","","","","","","","","","","","","","","","","6.99617313682385","6.56811457626493","5.7776082194137","6.28258103994627","9.4463437392788","10.0278370674613","11.7423491843706","13.7463696406392","16.5427056350995","18.0330469839719","18.064368830052","17.1162385246125","",
"Jamaica","JAM","Bank nonperforming loans to total gross loans (%)","FB.AST.NPER.ZS","","","","","","","","","","","","","","","","","","","","","","","","","","","","","","","","","","","","","","","","","","","","","","","","","","","","","","","","","","",
"Jordan","JOR","Bank nonperforming loans to total gross loans (%)","FB.AST.NPER.ZS","","","","","","","","","","","","","","","","","","","","","","","","","","","","","","","","","","","","","","","","","","","","","","","","","","","","","","","","","","",
"Japan","JPN","Bank nonperforming loans to total gross loans (%)","FB.AST.NPER.ZS","","","","","","","","","","","","","","","","","","","","","","","","","","","","","","","","","","","","","","","","","","","","","","","","","","","2.45650253168859","2.44741326110445","2.42889160930217","2.12909018123307","1.74645633118206","1.5335999587436","1.39676981537012","",
"Kazakhstan","KAZ","Bank nonperforming loans to total gross loans (%)","FB.AST.NPER.ZS","","","","","","","","","","","","","","","","","","","","","","","","","","","","","","","","","","","","","","","","","","","","","","","","","7.08977471729689","18.9234054057108","20.9306236433774","20.6654679453399","19.3898666527902","19.4708307953111","12.3921431661953","7.95254057239387","6.71835222170944","",
"Kenya","KEN","Bank nonperforming loans to total gross loans (%)","FB.AST.NPER.ZS","","","","","","","","","","","","","","","","","","","","","","","","","","","","","","","","","","","","","","","","","","","","","","","19.3506009805152","10.2296598269247","9.00677350787851","7.99908181601359","6.29148875289431","4.42867036062892","4.59422956130158","5.04641770918127","5.4551197240463","5.9887640736269","11.6612600205293","",
"Kyrgyz Republic","KGZ","Bank nonperforming loans to total gross loans (%)","FB.AST.NPER.ZS","","","","","","","","","","","","","","","","","","","","","","","","","","","","","","","","","","","","","","","","","","","","","","","","","","","14.7757186410975","9.39821221158704","6.55111366918828","5.09046603734623","4.18259903121424","6.74285924908889","8.51774848332393","",
"Cambodia","KHM","Bank nonperforming loans to total gross loans (%)","FB.AST.NPER.ZS","","","","","","","","","","","","","","","","","","","","","","","","","","","","","","","","","","","","","","","","","","","","","","","","","","","3.14187854787214","2.29438855572053","2.22469008934459","2.30267771735678","1.62133907710753","1.59273995602264","2.13063064162181","",
"Kiribati","KIR","Bank nonperforming loans to total gross loans (%)","FB.AST.NPER.ZS","","","","","","","","","","","","","","","","","","","","","","","","","","","","","","","","","","","","","","","","","","","","","","","","","","","","","","","","","","",
"St. Kitts and Nevis","KNA","Bank nonperforming loans to total gross loans (%)","FB.AST.NPER.ZS","","","","","","","","","","","","","","","","","","","","","","","","","","","","","","","","","","","","","","","","","","","","","","","","","","","","","","","","","","",
"Korea, Rep.","KOR","Bank nonperforming loans to total gross loans (%)","FB.AST.NPER.ZS","","","","","","","","","","","","","","","","","","","","","","","","","","","","","","","","","","","","","","","","","","","","","","","","","0.571914662174038","0.584500588542436","0.588001422921593","0.484155586674748","0.594291798596701","0.570682157690436","0.487829016283245","","","",
"Kuwait","KWT","Bank nonperforming loans to total gross loans (%)","FB.AST.NPER.ZS","","","","","","","","","","","","","","","","","","","","","","","","","","","","","","","","","","","","","","","","","","","","","","","","","","","","","","","","","","",
"Latin America & Caribbean (excluding high income)","LAC","Bank nonperforming loans to total gross loans (%)","FB.AST.NPER.ZS","","","","","","","","","","","","","","","","","","","","","","","","","","","","","","","","","","","","","","","","","","","","","","","","","3.05625883522405","3.46682830746549","2.86337656354999","2.49554384848147","2.44416104451097","2.25179683245479","2.20714175759171","2.25407195942281","2.28745290207901","",
"Lao PDR","LAO","Bank nonperforming loans to total gross loans (%)","FB.AST.NPER.ZS","","","","","","","","","","","","","","","","","","","","","","","","","","","","","","","","","","","","","","","","","","","","","","","","","","","","","","","","","","",
"Lebanon","LBN","Bank nonperforming loans to total gross loans (%)","FB.AST.NPER.ZS","","","","","","","","","","","","","","","","","","","","","","","","","","","","","","","","","","","","","","","","","","","","","","","","","","","","3.75693540607082","3.78697626538232","3.9655306434989","4.00804103961214","4.1952846897168","4.87908349477483","",
"Liberia","LBR","Bank nonperforming loans to total gross loans (%)","FB.AST.NPER.ZS","","","","","","","","","","","","","","","","","","","","","","","","","","","","","","","","","","","","","","","","","","","","","","","","","","","","","","","","","","",
"Libya","LBY","Bank nonperforming loans to total gross loans (%)","FB.AST.NPER.ZS","","","","","","","","","","","","","","","","","","","","","","","","","","","","","","","","","","","","","","","","","","","","","","","","","","","","","","","","","","",
"St. Lucia","LCA","Bank nonperforming loans to total gross loans (%)","FB.AST.NPER.ZS","","","","","","","","","","","","","","","","","","","","","","","","","","","","","","","","","","","","","","","","","","","","","","","","","","","","","","","","","","",
"Latin America & Caribbean","LCN","Bank nonperforming loans to total gross loans (%)","FB.AST.NPER.ZS","","","","","","","","","","","","","","","","","","","","","","","","","","","","","","","","","","","","","","","","","","","","","","","","","2.96558812609128","3.57302236577286","2.77832843863172","2.42099970411912","2.33052458084595","2.19164716358291","2.13340352095405","2.22478823868599","2.30165735720531","",
"Least developed countries: UN classification","LDC","Bank nonperforming loans to total gross loans (%)","FB.AST.NPER.ZS","","","","","","","","","","","","","","","","","","","","","","","","","","","","","","","","","","","","","","","","","","","","","","","","","","","","","","","","","","",
"Low income","LIC","Bank nonperforming loans to total gross loans (%)","FB.AST.NPER.ZS","","","","","","","","","","","","","","","","","","","","","","","","","","","","","","","","","","","","","","","","","","","","","","","","","","","","","","","","","","",
"Liechtenstein","LIE","Bank nonperforming loans to total gross loans (%)","FB.AST.NPER.ZS","","","","","","","","","","","","","","","","","","","","","","","","","","","","","","","","","","","","","","","","","","","","","","","","","","","","","","","","","","",
"Sri Lanka","LKA","Bank nonperforming loans to total gross loans (%)","FB.AST.NPER.ZS","","","","","","","","","","","","","","","","","","","","","","","","","","","","","","","","","","","","","","","","","","","","","","","","","","","","3.81576806644899","3.62758332721102","5.57505787931051","4.23421449884782","3.24077029740187","2.63381101624579","",
"Lower middle income","LMC","Bank nonperforming loans to total gross loans (%)","FB.AST.NPER.ZS","","","","","","","","","","","","","","","","","","","","","","","","","","","","","","","","","","","","","","","","","","","","","","","","","","","3.78177343725","3.54870667104246","3.64840274889492","3.84518683978798","4.14554637745198","4.38117335315654","4.21775602306537","",
"Low & middle income","LMY","Bank nonperforming loans to total gross loans (%)","FB.AST.NPER.ZS","","","","","","","","","","","","","","","","","","","","","","","","","","","","","","","","","","","","","","","","","","","","","","","","","","","3.77570235977872","3.57014326250952","3.70522490674831","4.08905052316791","4.14554637745198","5.19307743943184","6.28661409822794","",
"Lesotho","LSO","Bank nonperforming loans to total gross loans (%)","FB.AST.NPER.ZS","","","","","","","","","","","","","","","","","","","","","","","","","","","","","","","","","","","","","","","","","","","","","","","","","","3.03623498023517","3.03444778739895","2.09518988203255","2.4662938829999","3.66264504455965","4.10849372368973","3.90146114459977","3.58777657642438","",
"Late-demographic dividend","LTE","Bank nonperforming loans to total gross loans (%)","FB.AST.NPER.ZS","","","","","","","","","","","","","","","","","","","","","","","","","","","","","","","","","","","","","","","","","","","","","","","","","","4.86361900244843","5.32123768113646","4.28565452221999","3.73361588365677","4.3346520107676","4.20840676503103","4.26839835149242","4.04852836785748","",
"Lithuania","LTU","Bank nonperforming loans to total gross loans (%)","FB.AST.NPER.ZS","","","","","","","","","","","","","","","","","","","","","","","","","","","","","","","","","","","","","","","","","","","","","","","","","6.08371852153549","23.9900756317356","23.3337718978865","18.8431216218018","14.80169421076","11.5860290373317","8.18605013114376","4.94956913376007","3.66064619634649","",
"Luxembourg","LUX","Bank nonperforming loans to total gross loans (%)","FB.AST.NPER.ZS","","","","","","","","","","","","","","","","","","","","","","","","","","","","","","","","","","","","","","","","","","","","","","","","","","0.670613945190373","0.247232603084002","0.379416485489736","0.145588493246799","0.21316440756553","","","1.66611889820806","",
"Latvia","LVA","Bank nonperforming loans to total gross loans (%)","FB.AST.NPER.ZS","","","","","","","","","","","","","","","","","","","","","","","","","","","","","","","","","","","","","","","","","","","","","","","","","2.09770978216404","14.2791092179755","15.934006136678","14.0547963104412","8.72379173476539","6.4070404515206","4.59773748658139","4.64465437865448","3.6519832614719","",
"Macao SAR, China","MAC","Bank nonperforming loans to total gross loans (%)","FB.AST.NPER.ZS","","","","","","","","","","","","","","","","","","","","","","","","","","","","","","","","","","","","","","","","","","","","","","","","","","","0.393130048679923","0.344719585672998","0.187259446456941","0.0923353115576881","0.118444607476519","0.119843705534916","0.195618683773704","",
"St. Martin (French part)","MAF","Bank nonperforming loans to total gross loans (%)","FB.AST.NPER.ZS","","","","","","","","","","","","","","","","","","","","","","","","","","","","","","","","","","","","","","","","","","","","","","","","","","","","","","","","","","",
"Morocco","MAR","Bank nonperforming loans to total gross loans (%)","FB.AST.NPER.ZS","","","","","","","","","","","","","","","","","","","","","","","","","","","","","","","","","","","","","","","","","","","","","","","","","","","","","","","","","","",
"Monaco","MCO","Bank nonperforming loans to total gross loans (%)","FB.AST.NPER.ZS","","","","","","","","","","","","","","","","","","","","","","","","","","","","","","","","","","","","","","","","","","","","","","","","","","","","","","","","","","",
"Moldova","MDA","Bank nonperforming loans to total gross loans (%)","FB.AST.NPER.ZS","","","","","","","","","","","","","","","","","","","","","","","","","","","","","","","","","","","","","","","","","","","","","","","","","","16.3797608234387","13.3273220414237","10.660064078495","14.4995943044082","11.5773748871241","11.7289639552957","14.4441696408314","16.4051517259816","",
"Madagascar","MDG","Bank nonperforming loans to total gross loans (%)","FB.AST.NPER.ZS","","","","","","","","","","","","","","","","","","","","","","","","","","","","","","","","","","","","","","","","","","","","","","","","","","","9.6209688884802","10.6935754743652","11.1257411528126","11.6258508330996","10.119647910682","9.00695636956275","8.36389324348832","",
"Maldives","MDV","Bank nonperforming loans to total gross loans (%)","FB.AST.NPER.ZS","","","","","","","","","","","","","","","","","","","","","","","","","","","","","","","","","","","","","","","","","","","","","","","","","","","","","20.9246965468261","17.5678349504535","17.4768777380032","14.0581063423942","10.6304759690029","",
"Middle East & North Africa","MEA","Bank nonperforming loans to total gross loans (%)","FB.AST.NPER.ZS","","","","","","","","","","","","","","","","","","","","","","","","","","","","","","","","","","","","","","","","","","","","","","","","","","","","","","","","","","",
"Mexico","MEX","Bank nonperforming loans to total gross loans (%)","FB.AST.NPER.ZS","","","","","","","","","","","","","","","","","","","","","","","","","","","","","","","","","","","","","","","","","","","","","","1.49873689808055","1.77931587002294","2.34729339978039","2.96558812609128","2.81015520934088","2.04328675969742","2.11572335129568","2.44416104451097","3.24319853307225","3.03673838516336","2.52321190374827","2.28745290207901","",
"Marshall Islands","MHL","Bank nonperforming loans to total gross loans (%)","FB.AST.NPER.ZS","","","","","","","","","","","","","","","","","","","","","","","","","","","","","","","","","","","","","","","","","","","","","","","","","","","","","","","","","","",
"Middle income","MIC","Bank nonperforming loans to total gross loans (%)","FB.AST.NPER.ZS","","","","","","","","","","","","","","","","","","","","","","","","","","","","","","","","","","","","","","","","","","","","","","","","","","","3.38074340505264","3.3094092443761","3.54122172061804","3.5852884159418","3.76858561421939","3.91347353406972","4.12832311760232","",
"Macedonia, FYR","MKD","Bank nonperforming loans to total gross loans (%)","FB.AST.NPER.ZS","","","","","","","","","","","","","","","","","","","","","","","","","","","","","","","","","","","","","","","","","","","","","","","11.2137062334098","7.51448842858048","6.71461954898141","8.93736962216569","9.04070956501971","9.52269121137581","10.1123971304148","10.9395684304263","10.8059133941614","10.3144498806434","6.28661409822794","",
"Mali","MLI","Bank nonperforming loans to total gross loans (%)","FB.AST.NPER.ZS","","","","","","","","","","","","","","","","","","","","","","","","","","","","","","","","","","","","","","","","","","","","","","","","","","","","","","","","","","",
"Malta","MLT","Bank nonperforming loans to total gross loans (%)","FB.AST.NPER.ZS","","","","","","","","","","","","","","","","","","","","","","","","","","","","","","","","","","","","","","","","","","","","","","8.20906380726336","6.47014997113968","5.31015121085642","5.01177403541518","5.78361456298065","7.01546601498875","7.0887209730083","7.75198043495642","8.94794785930365","9.04960980761868","7.21658211734902","5.42758533456208","",
"Myanmar","MMR","Bank nonperforming loans to total gross loans (%)","FB.AST.NPER.ZS","","","","","","","","","","","","","","","","","","","","","","","","","","","","","","","","","","","","","","","","","","","","","","","","","","","","","","","","","","",
"Middle East & North Africa (excluding high income)","MNA","Bank nonperforming loans to total gross loans (%)","FB.AST.NPER.ZS","","","","","","","","","","","","","","","","","","","","","","","","","","","","","","","","","","","","","","","","","","","","","","","","","","","","","","","","","","",
"Montenegro","MNE","Bank nonperforming loans to total gross loans (%)","FB.AST.NPER.ZS","","","","","","","","","","","","","","","","","","","","","","","","","","","","","","","","","","","","","","","","","","","","","","","","","","","","","","","","","","",
"Mongolia","MNG","Bank nonperforming loans to total gross loans (%)","FB.AST.NPER.ZS","","","","","","","","","","","","","","","","","","","","","","","","","","","","","","","","","","","","","","","","","","","","","","","","","","","","","","","","","","",
"Northern Mariana Islands","MNP","Bank nonperforming loans to total gross loans (%)","FB.AST.NPER.ZS","","","","","","","","","","","","","","","","","","","","","","","","","","","","","","","","","","","","","","","","","","","","","","","","","","","","","","","","","","",
"Mozambique","MOZ","Bank nonperforming loans to total gross loans (%)","FB.AST.NPER.ZS","","","","","","","","","","","","","","","","","","","","","","","","","","","","","","","","","","","","","","","","","","","","","","","","","","","","","","","","","","",
"Mauritania","MRT","Bank nonperforming loans to total gross loans (%)","FB.AST.NPER.ZS","","","","","","","","","","","","","","","","","","","","","","","","","","","","","","","","","","","","","","","","","","","","","","","","","","","","","","","","","","",
"Mauritius","MUS","Bank nonperforming loans to total gross loans (%)","FB.AST.NPER.ZS","","","","","","","","","","","","","","","","","","","","","","","","","","","","","","","","","","","","","","","","","","","","","","","","","","3.29242857718552","2.76498233309993","2.80757714682396","3.63707898309436","4.15037241131952","4.91975055211583","7.19532078019471","7.75660164983684","",
"Malawi","MWI","Bank nonperforming loans to total gross loans (%)","FB.AST.NPER.ZS","","","","","","","","","","","","","","","","","","","","","","","","","","","","","","","","","","","","","","","","","","","","","","","","","","","","","","","","","","",
"Malaysia","MYS","Bank nonperforming loans to total gross loans (%)","FB.AST.NPER.ZS","","","","","","","","","","","","","","","","","","","","","","","","","","","","","","","","","","","","","","","","","","","","","","9.3902395222525","8.49559864909982","6.49881057815871","4.8081809717361","3.62656549307932","3.35402670735158","2.6813903080324","2.01584311320696","1.84914657141208","1.64578545979143","1.60139095442719","1.61189739525395","",
"North America","NAC","Bank nonperforming loans to total gross loans (%)","FB.AST.NPER.ZS","","","","","","","","","","","","","","","","","","","","","","","","","","","","","","","","","","","","","","","","","","","","","","0.5","0.4","0.4","0.8","3.12995206775639","2.79387154677768","2.29075223431939","2.00864581194427","1.5261955910276","1.1753559008845","0.98671327432256","0.956201939931738","",
"Namibia","NAM","Bank nonperforming loans to total gross loans (%)","FB.AST.NPER.ZS","","","","","","","","","","","","","","","","","","","","","","","","","","","","","","","","","","","","","","","","","","","","","","","","","","","1.9647272829344","1.486349269152","1.33735160959829","1.28565419439439","1.4533472587929","1.55168664372609","1.54454922408712","",
"New Caledonia","NCL","Bank nonperforming loans to total gross loans (%)","FB.AST.NPER.ZS","","","","","","","","","","","","","","","","","","","","","","","","","","","","","","","","","","","","","","","","","","","","","","","","","","","","","","","","","","",
"Niger","NER","Bank nonperforming loans to total gross loans (%)","FB.AST.NPER.ZS","","","","","","","","","","","","","","","","","","","","","","","","","","","","","","","","","","","","","","","","","","","","","","","","","","","","","","","","","","",
"Nigeria","NGA","Bank nonperforming loans to total gross loans (%)","FB.AST.NPER.ZS","","","","","","","","","","","","","","","","","","","","","","","","","","","","","","","","","","","","","","","","","","","","","","","","9.50262123548539","7.19359013817042","37.2532872694237","20.1430996066243","5.77162860434222","3.70522490674831","3.39339117622511","2.95953837066648","4.8608855617133","12.8150641172053","",
"Nicaragua","NIC","Bank nonperforming loans to total gross loans (%)","FB.AST.NPER.ZS","","","","","","","","","","","","","","","","","","","","","","","","","","","","","","","","","","","","","","","","","","","","","","","","","2.96465317505299","3.26016858192595","4.41583665760302","4.04040397189085","1.71088422160398","0.891408448193687","0.997774216883436","0.885556331578598","0.860695208457364","",
"Netherlands","NLD","Bank nonperforming loans to total gross loans (%)","FB.AST.NPER.ZS","","","","","","","","","","","","","","","","","","","","","","","","","","","","","","","","","","","","","","","","","","","","","","","","","1.68139773681757","3.20168767980185","2.83234869790716","2.71087690835903","3.09784428543666","3.22716888618912","2.98266215275664","2.71198466589929","2.53082018126724","",
"Norway","NOR","Bank nonperforming loans to total gross loans (%)","FB.AST.NPER.ZS","","","","","","","","","","","","","","","","","","","","","","","","","","","","","","","","","","","","","","","","","","","","","","","","","0.723251027713466","1.27871052608886","1.51981365217834","1.68434907314772","1.51215755076448","1.33872670729875","1.13088790719266","1.0533756114736","1.18473037859688","",
"Nepal","NPL","Bank nonperforming loans to total gross loans (%)","FB.AST.NPER.ZS","","","","","","","","","","","","","","","","","","","","","","","","","","","","","","","","","","","","","","","","","","","","","","","","","","","","","","","","","","",
"Nauru","NRU","Bank nonperforming loans to total gross loans (%)","FB.AST.NPER.ZS","","","","","","","","","","","","","","","","","","","","","","","","","","","","","","","","","","","","","","","","","","","","","","","","","","","","","","","","","","",
"New Zealand","NZL","Bank nonperforming loans to total gross loans (%)","FB.AST.NPER.ZS","","","","","","","","","","","","","","","","","","","","","","","","","","","","","","","","","","","","","","","","","","","","","","","","","","","","","","","","","","",
"OECD members","OED","Bank nonperforming loans to total gross loans (%)","FB.AST.NPER.ZS","","","","","","","","","","","","","","","","","","","","","","","","","","","","","","","","","","","","","","","","","","","","","","","","","2.09770978216404","4.07148123181718","3.85670384064527","3.66034288721246","3.50100631589921","3.22716888618912","3.03673838516336","3.19028028809251","2.90245057299312","",
"Oman","OMN","Bank nonperforming loans to total gross loans (%)","FB.AST.NPER.ZS","","","","","","","","","","","","","","","","","","","","","","","","","","","","","","","","","","","","","","","","","","","","","","","","","","","","","","","","","","",
"Other small states","OSS","Bank nonperforming loans to total gross loans (%)","FB.AST.NPER.ZS","","","","","","","","","","","","","","","","","","","","","","","","","","","","","","","","","","","","","","","","","","","","","","","","","","","4.26724665325149","3.16742361319968","3.12987278915161","3.90650872793958","4.51412213790278","5.87263467951957","6.64629274114046","",
"Pakistan","PAK","Bank nonperforming loans to total gross loans (%)","FB.AST.NPER.ZS","","","","","","","","","","","","","","","","","","","","","","","","","","","","","","","","","","","","","","","","","","","","","","8.97757646625087","7.29795925583943","7.44226915913039","9.12737222279229","12.1536828442987","14.7475434474005","16.2071734503098","14.4709255983626","12.9868868262001","12.265792482412","11.3588840793988","10.055842933819","",
"Panama","PAN","Bank nonperforming loans to total gross loans (%)","FB.AST.NPER.ZS","","","","","","","","","","","","","","","","","","","","","","","","","","","","","","","","","","","","","","","","","","","","","","2.88254665707468","2.67255289685215","2.81778395699066","3.00612510216995","3.31176945762491","2.64687924224228","2.11958746963192","1.95494387612922","1.87296473320964","2.20714175759171","2.19550451794917","2.51764775951207","",
"Peru","PER","Bank nonperforming loans to total gross loans (%)","FB.AST.NPER.ZS","","","","","","","","","","","","","","","","","","","","","","","","","","","","","","","","","","","","","","","","","","","","","","","","","","","3.02700601393589","2.89275058415662","3.23332091761044","3.50294331849153","3.95345896104666","3.92548592353967","4.29231654740331","",
"Philippines","PHL","Bank nonperforming loans to total gross loans (%)","FB.AST.NPER.ZS","","","","","","","","","","","","","","","","","","","","","","","","","","","","","","","","","","","","","","","","","","","","","","","","","","3.48947494826148","3.38074340505264","2.55545771909276","2.22289481153936","2.44086452225225","2.02468665436274","1.88547820763544","1.7158480997","",
"Palau","PLW","Bank nonperforming loans to total gross loans (%)","FB.AST.NPER.ZS","","","","","","","","","","","","","","","","","","","","","","","","","","","","","","","","","","","","","","","","","","","","","","","","","","","","","","","","","","",
"Papua New Guinea","PNG","Bank nonperforming loans to total gross loans (%)","FB.AST.NPER.ZS","","","","","","","","","","","","","","","","","","","","","","","","","","","","","","","","","","","","","","","","","","","","","","","","","1.77774462673172","2.02365300059617","1.91657120024141","2.08309528155411","2.15851766654297","1.79854386150578","2.09047784392733","3.0812991544216","","",
"Poland","POL","Bank nonperforming loans to total gross loans (%)","FB.AST.NPER.ZS","","","","","","","","","","","","","","","","","","","","","","","","","","","","","","","","","","","","","","","","","","","","","","","","","2.82208199288245","4.28772376193178","4.91242260149366","4.66287736778213","5.20203983160723","4.97791228606129","4.82381924095686","4.34151201326804","4.04852836785748","",
"Pre-demographic dividend","PRE","Bank nonperforming loans to total gross loans (%)","FB.AST.NPER.ZS","","","","","","","","","","","","","","","","","","","","","","","","","","","","","","","","","","","","","","","","","","","","","","","","","","","","","","","","","","",
"Puerto Rico","PRI","Bank nonperforming loans to total gross loans (%)","FB.AST.NPER.ZS","","","","","","","","","","","","","","","","","","","","","","","","","","","","","","","","","","","","","","","","","","","","","","","","","","","","","","","","","","",
"Korea, Dem. People’s Rep.","PRK","Bank nonperforming loans to total gross loans (%)","FB.AST.NPER.ZS","","","","","","","","","","","","","","","","","","","","","","","","","","","","","","","","","","","","","","","","","","","","","","","","","","","","","","","","","","",
"Portugal","PRT","Bank nonperforming loans to total gross loans (%)","FB.AST.NPER.ZS","","","","","","","","","","","","","","","","","","","","","","","","","","","","","","","","","","","","","","","","","","","","","","","","2.82730480599168","3.61210256455946","5.16669005270522","5.19948733343502","7.72641282474313","10.516196883545","10.6624076504789","11.8944384196266","11.9618102132638","11.8383437953665","",
"Paraguay","PRY","Bank nonperforming loans to total gross loans (%)","FB.AST.NPER.ZS","","","","","","","","","","","","","","","","","","","","","","","","","","","","","","","","","","","","","","","","","","","","","","6.38762655928681","3.66008360399895","1.74413563546935","1.47907605934839","1.80823213537988","1.43941743015921","1.86453525979904","2.21688811718093","2.13149749471103","1.99047035830905","2.59379453022774","2.94140167118517","",
"West Bank and Gaza","PSE","Bank nonperforming loans to total gross loans (%)","FB.AST.NPER.ZS","","","","","","","","","","","","","","","","","","","","","","","","","","","","","","","","","","","","","","","","","","","","","","","","","8.16375018271426","4.11916461201698","3.06818623299833","2.76420847068128","3.07691757238354","2.88247142197568","2.54111369373681","2.14279239021156","2.18092237717629","",
"Pacific island small states","PSS","Bank nonperforming loans to total gross loans (%)","FB.AST.NPER.ZS","","","","","","","","","","","","","","","","","","","","","","","","","","","","","","","","","","","","","","","","","","","","","","","","","","","","","","","","","","",
"Post-demographic dividend","PST","Bank nonperforming loans to total gross loans (%)","FB.AST.NPER.ZS","","","","","","","","","","","","","","","","","","","","","","","","","","","","","","","","","","","","","","","","","","","","","","","","","2.60468537953385","4.02193112740747","3.85670384064527","3.87168633712699","4.01638889044496","4.34615438140639","4.16909570114455","3.78935142858271","3.43203325193356","",
"French Polynesia","PYF","Bank nonperforming loans to total gross loans (%)","FB.AST.NPER.ZS","","","","","","","","","","","","","","","","","","","","","","","","","","","","","","","","","","","","","","","","","","","","","","","","","","","","","","","","","","",
"Qatar","QAT","Bank nonperforming loans to total gross loans (%)","FB.AST.NPER.ZS","","","","","","","","","","","","","","","","","","","","","","","","","","","","","","","","","","","","","","","","","","","","","","","","","","","","","","","","","","",
"Romania","ROU","Bank nonperforming loans to total gross loans (%)","FB.AST.NPER.ZS","","","","","","","","","","","","","","","","","","","","","","","","","","","","","","","","","","","","","","","","","","","","","","","","2.58539372816182","2.74650265367714","7.89184425906008","11.8538634983107","14.3279565951415","18.2374449705832","21.8729747751981","13.9376956709833","13.5062192718409","9.621565156777","",
"Russian Federation","RUS","Bank nonperforming loans to total gross loans (%)","FB.AST.NPER.ZS","","","","","","","","","","","","","","","","","","","","","","","","","","","","","","","","","","","","","","","","","","","","","","","","","3.80211354394323","9.53162765947064","8.23432092749304","6.59014201639749","6.02664639177423","6.00069133896484","6.73096464772584","8.34723239726782","9.44473701889198","",
"Rwanda","RWA","Bank nonperforming loans to total gross loans (%)","FB.AST.NPER.ZS","","","","","","","","","","","","","","","","","","","","","","","","","","","","","","","","","","","","","","","","","","","","","","","","","10.2710287818937","8.58312049678554","7.33234907813833","5.59280508440584","5.10621026773849","5.93276512911764","5.22372641829649","5.90612714144962","7.08391549135576","",
"South Asia","SAS","Bank nonperforming loans to total gross loans (%)","FB.AST.NPER.ZS","","","","","","","","","","","","","","","","","","","","","","","","","","","","","","","","","","","","","","","","","","","","","","","","","","","14.7475434474005","4.6968178252385","4.95890140377645","5.57505787931051","7.7810908959605","8.39790781352825","9.62068119899267","",
"Saudi Arabia","SAU","Bank nonperforming loans to total gross loans (%)","FB.AST.NPER.ZS","","","","","","","","","","","","","","","","","","","","","","","","","","","","","","","","","","","","","","","","","","","","","","","","","","3.28697148338663","2.96818471895203","2.22411986474196","1.66979368016871","1.30683882837442","1.08033805274768","1.23698687005173","1.38335895995773","",
"Sudan","SDN","Bank nonperforming loans to total gross loans (%)","FB.AST.NPER.ZS","","","","","","","","","","","","","","","","","","","","","","","","","","","","","","","","","","","","","","","","","","","","","","","","","","","","","","","","","","",
"Senegal","SEN","Bank nonperforming loans to total gross loans (%)","FB.AST.NPER.ZS","","","","","","","","","","","","","","","","","","","","","","","","","","","","","","","","","","","","","","","","","","","","","","","","","","","","","","","","","","",
"Singapore","SGP","Bank nonperforming loans to total gross loans (%)","FB.AST.NPER.ZS","","","","","","","","","","","","","","","","","","","","","","","","","","","","","","","","","","","","","","","","","","","","","","","","","1.42549965541006","2.03438434173328","1.40635425755787","1.06045560853893","1.04262808908742","0.866941606339939","0.756532862271537","0.92406290512104","1.22253307180161","",
"Solomon Islands","SLB","Bank nonperforming loans to total gross loans (%)","FB.AST.NPER.ZS","","","","","","","","","","","","","","","","","","","","","","","","","","","","","","","","","","","","","","","","","","","","","","","","","","","9.30565266787051","5.7530388264361","3.58077959656614","7.04602302366757","4.68850284794013","4.13449747162757","3.84662063880539","",
"Sierra Leone","SLE","Bank nonperforming loans to total gross loans (%)","FB.AST.NPER.ZS","","","","","","","","","","","","","","","","","","","","","","","","","","","","","","","","","","","","","","","","","","","","","","","","","","","","","","","","","","",
"El Salvador","SLV","Bank nonperforming loans to total gross loans (%)","FB.AST.NPER.ZS","","","","","","","","","","","","","","","","","","","","","","","","","","","","","","","","","","","","","","","","","","","","","","1.92131278838362","1.91648937851554","2.05199435343912","2.78686375059051","3.67921642408023","3.9","3.57014326250952","2.82636209916669","2.29198260382487","2.30745344370215","2.25407195942281","2.08108807522041","",
"San Marino","SMR","Bank nonperforming loans to total gross loans (%)","FB.AST.NPER.ZS","","","","","","","","","","","","","","","","","","","","","","","","","","","","","","","","","","","","","","","","","","","","","","","","","","6.90268251839891","11.9246002682241","34.054463098968","20.2918156718649","42.4416662887182","43.1158491357151","46.7638544323549","43.3839896574597","",
"Somalia","SOM","Bank nonperforming loans to total gross loans (%)","FB.AST.NPER.ZS","","","","","","","","","","","","","","","","","","","","","","","","","","","","","","","","","","","","","","","","","","","","","","","","","","","","","","","","","","",
"Serbia","SRB","Bank nonperforming loans to total gross loans (%)","FB.AST.NPER.ZS","","","","","","","","","","","","","","","","","","","","","","","","","","","","","","","","","","","","","","","","","","","","","","","","","","","","","","","","","","",
"Sub-Saharan Africa (excluding high income)","SSA","Bank nonperforming loans to total gross loans (%)","FB.AST.NPER.ZS","","","","","","","","","","","","","","","","","","","","","","","","","","","","","","","","","","","","","","","","","","","","","","","","","","","","","5.10621026773849","6.06755038882137","6.08459649451211","6.5581708416557","9.61457507208068","",
"South Sudan","SSD","Bank nonperforming loans to total gross loans (%)","FB.AST.NPER.ZS","","","","","","","","","","","","","","","","","","","","","","","","","","","","","","","","","","","","","","","","","","","","","","","","","","","","","","","","","","",
"Sub-Saharan Africa","SSF","Bank nonperforming loans to total gross loans (%)","FB.AST.NPER.ZS","","","","","","","","","","","","","","","","","","","","","","","","","","","","","","","","","","","","","","","","","","","","","","","","","","","","","5.10621026773849","6.06755038882137","6.08459649451211","6.5581708416557","9.61457507208068","",
"Small states","SST","Bank nonperforming loans to total gross loans (%)","FB.AST.NPER.ZS","","","","","","","","","","","","","","","","","","","","","","","","","","","","","","","","","","","","","","","","","","","","","","","","","","","5.37548640053779","3.5272700795754","3.63707898309436","4.15037241131952","4.10849372368973","5.25919934797037","5.74946703724076","",
"Sao Tome and Principe","STP","Bank nonperforming loans to total gross loans (%)","FB.AST.NPER.ZS","","","","","","","","","","","","","","","","","","","","","","","","","","","","","","","","","","","","","","","","","","","","","","","","","","","","","","","","","","",
"Suriname","SUR","Bank nonperforming loans to total gross loans (%)","FB.AST.NPER.ZS","","","","","","","","","","","","","","","","","","","","","","","","","","","","","","","","","","","","","","","","","","","","","","","","","","","","","","","","","","",
"Slovak Republic","SVK","Bank nonperforming loans to total gross loans (%)","FB.AST.NPER.ZS","","","","","","","","","","","","","","","","","","","","","","","","","","","","","","","","","","","","","","","","","","","","","","","","","2.48604525264788","5.293444236956","5.83631415703786","5.61287025556431","5.22251061346437","5.13937557233792","5.34689325992831","4.87087184833915","4.44366126350552","",
"Slovenia","SVN","Bank nonperforming loans to total gross loans (%)","FB.AST.NPER.ZS","","","","","","","","","","","","","","","","","","","","","","","","","","","","","","","","","","","","","","","","","","","","","","","","","4.21574658021237","5.79123326741648","8.21418388709017","11.814021388063","15.1800772229366","13.3113246703111","11.731927656335","9.96211515631996","5.07137685228544","",
"Sweden","SWE","Bank nonperforming loans to total gross loans (%)","FB.AST.NPER.ZS","","","","","","","","","","","","","","","","","","","","","","","","","","","","","","","","","","","","","","","","","","","","","","","0.104624639923306","0.0818078029672855","0.462078291866641","0.834133007850543","0.783563259562689","0.654054944661704","0.700061654813063","0.614387787530393","1.23836746975005","1.16510580742993","1.03934684773777","",
"Swaziland","SWZ","Bank nonperforming loans to total gross loans (%)","FB.AST.NPER.ZS","","","","","","","","","","","","","","","","","","","","","","","","","","","","","","","","","","","","","","","","","","","","","","","","","","5.86910175632252","7.8074135254831","3.5272700795754","10.6707564994315","6.79342240618839","6.87068790595697","6.63027167224262","9.62105068496718","",
"Sint Maarten (Dutch part)","SXM","Bank nonperforming loans to total gross loans (%)","FB.AST.NPER.ZS","","","","","","","","","","","","","","","","","","","","","","","","","","","","","","","","","","","","","","","","","","","","","","","","","","","","","","","","","","",
"Seychelles","SYC","Bank nonperforming loans to total gross loans (%)","FB.AST.NPER.ZS","","","","","","","","","","","","","","","","","","","","","","","","","","","","","","","","","","","","","","","","","","","","","","","4.36440698901933","2.32989452268506","2.02869228346241","3.77628230056178","5.46606365904674","8.12277931492634","9.00887174900836","9.22147669946777","7.98987998096582","7.58752425543803","6.75218465731615","",
"Syrian Arab Republic","SYR","Bank nonperforming loans to total gross loans (%)","FB.AST.NPER.ZS","","","","","","","","","","","","","","","","","","","","","","","","","","","","","","","","","","","","","","","","","","","","","","","","","","","","","","","","","","",
"Turks and Caicos Islands","TCA","Bank nonperforming loans to total gross loans (%)","FB.AST.NPER.ZS","","","","","","","","","","","","","","","","","","","","","","","","","","","","","","","","","","","","","","","","","","","","","","","","","","","","","","","","","","",
"Chad","TCD","Bank nonperforming loans to total gross loans (%)","FB.AST.NPER.ZS","","","","","","","","","","","","","","","","","","","","","","","","","","","","","","","","","","","","","","","","","","","","","","","","","","","9.91927521923457","7.6476971168983","7.37392810431258","9.77718144818641","11.7377638896695","17.0107943537227","20.8777153601554","",
"East Asia & Pacific (IDA & IBRD countries)","TEA","Bank nonperforming loans to total gross loans (%)","FB.AST.NPER.ZS","","","","","","","","","","","","","","","","","","","","","","","","","","","","","","","","","","","","","","","","","","","","","","","","","","3.38893116465235","2.83687707768649","2.42492313740664","2.19070623904117","2.07591214438443","2.04575205401682","2.11198871155511","1.93867956834006","",
"Europe & Central Asia (IDA & IBRD countries)","TEC","Bank nonperforming loans to total gross loans (%)","FB.AST.NPER.ZS","","","","","","","","","","","","","","","","","","","","","","","","","","","","","","","","","","","","","","","","","","","","","","","","","3.84298089330576","7.89184425906008","8.63751524625637","8.29652115646456","8.4324348743507","9.7439073130927","9.55750613714489","8.14988648483084","8.98124275110795","",
"Togo","TGO","Bank nonperforming loans to total gross loans (%)","FB.AST.NPER.ZS","","","","","","","","","","","","","","","","","","","","","","","","","","","","","","","","","","","","","","","","","","","","","","","","","","","","","","","","","","",
"Thailand","THA","Bank nonperforming loans to total gross loans (%)","FB.AST.NPER.ZS","","","","","","","","","","","","","","","","","","","","","","","","","","","","","","","","","","","","","","","","","","","","","","","7.76759647374961","7.59844455870216","5.59879211346277","5.22061861150825","3.88785784505743","2.93261853635558","2.43018679665442","2.30382713124504","2.305232984074","2.6828308673521","2.98569607594999","",
"Tajikistan","TJK","Bank nonperforming loans to total gross loans (%)","FB.AST.NPER.ZS","","","","","","","","","","","","","","","","","","","","","","","","","","","","","","","","","","","","","","","","","","","","","","","","","5.39991752071252","9.64579219928256","7.4443006980216","7.19483010134207","9.46403994934538","13.183476264917","20.3893897718077","19.0565076826819","","",
"Turkmenistan","TKM","Bank nonperforming loans to total gross loans (%)","FB.AST.NPER.ZS","","","","","","","","","","","","","","","","","","","","","","","","","","","","","","","","","","","","","","","","","","","","","","","","","","","","","","","","","","",
"Latin America & the Caribbean (IDA & IBRD countries)","TLA","Bank nonperforming loans to total gross loans (%)","FB.AST.NPER.ZS","","","","","","","","","","","","","","","","","","","","","","","","","","","","","","","","","","","","","","","","","","","","","","","2.67255289685215","2.81778395699066","2.96558812609128","3.57302236577286","2.77832843863172","2.42099970411912","2.33052458084595","2.19164716358291","2.13340352095405","2.22478823868599","2.30165735720531","",
"Timor-Leste","TLS","Bank nonperforming loans to total gross loans (%)","FB.AST.NPER.ZS","","","","","","","","","","","","","","","","","","","","","","","","","","","","","","","","","","","","","","","","","","","","","","","","","","","","","","","","","","",
"Middle East & North Africa (IDA & IBRD countries)","TMN","Bank nonperforming loans to total gross loans (%)","FB.AST.NPER.ZS","","","","","","","","","","","","","","","","","","","","","","","","","","","","","","","","","","","","","","","","","","","","","","","","","","","","","","","","","","",
"Tonga","TON","Bank nonperforming loans to total gross loans (%)","FB.AST.NPER.ZS","","","","","","","","","","","","","","","","","","","","","","","","","","","","","","","","","","","","","","","","","","","","","","","","","","","0","0","14.3731796444657","10.6057193507607","10.4781361324885","7.64017617486987","4.07173200693191","",
"South Asia (IDA & IBRD)","TSA","Bank nonperforming loans to total gross loans (%)","FB.AST.NPER.ZS","","","","","","","","","","","","","","","","","","","","","","","","","","","","","","","","","","","","","","","","","","","","","","","","","","","14.7475434474005","4.6968178252385","4.95890140377645","5.57505787931051","7.7810908959605","8.39790781352825","9.62068119899267","",
"Sub-Saharan Africa (IDA & IBRD countries)","TSS","Bank nonperforming loans to total gross loans (%)","FB.AST.NPER.ZS","","","","","","","","","","","","","","","","","","","","","","","","","","","","","","","","","","","","","","","","","","","","","","","","","","","","","5.10621026773849","6.06755038882137","6.08459649451211","6.5581708416557","9.61457507208068","",
"Trinidad and Tobago","TTO","Bank nonperforming loans to total gross loans (%)","FB.AST.NPER.ZS","","","","","","","","","","","","","","","","","","","","","","","","","","","","","","","","","","","","","","","","","","","","","","","1.35468526139633","0.706313739394777","2.43949335676895","4.88533772882428","6.09055701593636","6.18622767169789","5.32423289788734","4.18396509854302","4.06029704176324","3.40922365291852","3.12500531931932","",
"Tunisia","TUN","Bank nonperforming loans to total gross loans (%)","FB.AST.NPER.ZS","","","","","","","","","","","","","","","","","","","","","","","","","","","","","","","","","","","","","","","","","","","","","","","","","","","","","","","","","","",
"Turkey","TUR","Bank nonperforming loans to total gross loans (%)","FB.AST.NPER.ZS","","","","","","","","","","","","","","","","","","","","","","","","","","","","","","","","","","","","","","","","","","","","","","4.31589850311115","3.58098683705457","3.3213977793724","3.44167340058132","4.96997625418198","3.48959158482402","2.57632211204451","2.7433675978872","2.63627102630174","2.74183131997442","2.98772329214314","3.10968373133547","",
"Tuvalu","TUV","Bank nonperforming loans to total gross loans (%)","FB.AST.NPER.ZS","","","","","","","","","","","","","","","","","","","","","","","","","","","","","","","","","","","","","","","","","","","","","","","","","","","","","","","","","","",
"Tanzania","TZA","Bank nonperforming loans to total gross loans (%)","FB.AST.NPER.ZS","","","","","","","","","","","","","","","","","","","","","","","","","","","","","","","","","","","","","","","","","","","","","","","","","","","7.84376122521316","5.39637230168725","6.4018854955144","5.11514486567446","6.58398471153915","8.58250269886561","9.60809945919417","",
"Uganda","UGA","Bank nonperforming loans to total gross loans (%)","FB.AST.NPER.ZS","","","","","","","","","","","","","","","","","","","","","","","","","","","","","","","","","","","","","","","","","","","","","","2.13898858388331","2.75246460099939","3.93244810640036","2.0902179694744","3.97399121299265","1.86158193519678","2.03212772455735","4.05584907416987","5.7568890765564","4.01059662166392","5.12695553089331","10.4013107515952","",
"Ukraine","UKR","Bank nonperforming loans to total gross loans (%)","FB.AST.NPER.ZS","","","","","","","","","","","","","","","","","","","","","","","","","","","","","","","","","","","","","","","","","","","","","","57.9897716519799","59.7566275807762","48.1183737206673","3.88384824266828","13.6977713199854","15.2665117708456","14.7322884259186","16.5423303569023","12.8861390797106","18.9844230177685","28.0347714697952","30.4682699223548","",
"Upper middle income","UMC","Bank nonperforming loans to total gross loans (%)","FB.AST.NPER.ZS","","","","","","","","","","","","","","","","","","","","","","","","","","","","","","","","","","","","","","","","","","","","","","","","","3.44042599537793","4.62203078842052","3.35402670735158","2.9126845602561","3.45084175332667","3.53004504580609","3.56658358508436","3.8299205830029","4.12832311760232","",
"Uruguay","URY","Bank nonperforming loans to total gross loans (%)","FB.AST.NPER.ZS","","","","","","","","","","","","","","","","","","","","","","","","","","","","","","","","","","","","","","","","","","","","","","","","","0.509364858663751","3.81668671640444","2.42280900203523","1.49105441888857","1.32547589221842","1.27694211466818","1.27782210089718","1.59817495618485","2.31586181233161","",
"United States","USA","Bank nonperforming loans to total gross loans (%)","FB.AST.NPER.ZS","","","","","","","","","","","","","","","","","","","","","","","","","","","","","","","","","","","","","","","","","","","","","","","","","","4.95990413551278","4.38774309355536","3.78150446863877","3.31729162388854","2.45239118205519","1.85071180176899","1.47342654864512","1.32052217712119","",
"Uzbekistan","UZB","Bank nonperforming loans to total gross loans (%)","FB.AST.NPER.ZS","","","","","","","","","","","","","","","","","","","","","","","","","","","","","","","","","","","","","","","","","","","","","","","","","","","0.965131048293637","0.709190155100445","0.533310395251817","0.405672371638142","0.390536334493127","0.418195139268297","0.43641478412104","",
"St. Vincent and the Grenadines","VCT","Bank nonperforming loans to total gross loans (%)","FB.AST.NPER.ZS","","","","","","","","","","","","","","","","","","","","","","","","","","","","","","","","","","","","","","","","","","","","","","","","","","","","","","","","","","",
"Venezuela, RB","VEN","Bank nonperforming loans to total gross loans (%)","FB.AST.NPER.ZS","","","","","","","","","","","","","","","","","","","","","","","","","","","","","","","","","","","","","","","","","","","","","","","","","","","","","","","","","","",
"British Virgin Islands","VGB","Bank nonperforming loans to total gross loans (%)","FB.AST.NPER.ZS","","","","","","","","","","","","","","","","","","","","","","","","","","","","","","","","","","","","","","","","","","","","","","","","","","","","","","","","","","",
"Virgin Islands (U.S.)","VIR","Bank nonperforming loans to total gross loans (%)","FB.AST.NPER.ZS","","","","","","","","","","","","","","","","","","","","","","","","","","","","","","","","","","","","","","","","","","","","","","","","","","","","","","","","","","",
"Vietnam","VNM","Bank nonperforming loans to total gross loans (%)","FB.AST.NPER.ZS","","","","","","","","","","","","","","","","","","","","","","","","","","","","","","","","","","","","","","","","","","","","","","","","","2.15099820496032","1.79656609383679","2.09259938242","2.79209384764477","3.43791016533393","3.10707263260723","2.93510795966688","2.33849921547478","","",
"Vanuatu","VUT","Bank nonperforming loans to total gross loans (%)","FB.AST.NPER.ZS","","","","","","","","","","","","","","","","","","","","","","","","","","","","","","","","","","","","","","","","","","","","","","","","","","","4.77150543510283","7.82015970798529","7.82678528887575","14.1043951624069","10.72651222798","12.2669904276453","11.5303725603049","",
"World","WLD","Bank nonperforming loans to total gross loans (%)","FB.AST.NPER.ZS","","","","","","","","","","","","","","","","","","","","","","","","","","","","","","","","","","","","","","","","","","","","","","","","","","","3.89392892252872","3.70863914664164","3.69274020433977","4.02772863501631","4.06703210187157","4.0890988575673","3.91663909818561","",
"Samoa","WSM","Bank nonperforming loans to total gross loans (%)","FB.AST.NPER.ZS","","","","","","","","","","","","","","","","","","","","","","","","","","","","","","","","","","","","","","","","","","","","","","","","","","","","","","","","","3.72405853190229","",
"Kosovo","XKX","Bank nonperforming loans to total gross loans (%)","FB.AST.NPER.ZS","","","","","","","","","","","","","","","","","","","","","","","","","","","","","","","","","","","","","","","","","","","","","","","","","","","5.80526374637873","5.66580052766946","7.40082979935601","8.5482461957591","8.30909888012837","6.15184768358736","","",
"Yemen, Rep.","YEM","Bank nonperforming loans to total gross loans (%)","FB.AST.NPER.ZS","","","","","","","","","","","","","","","","","","","","","","","","","","","","","","","","","","","","","","","","","","","","","","","","","","","","","","","","","","",
"South Africa","ZAF","Bank nonperforming loans to total gross loans (%)","FB.AST.NPER.ZS","","","","","","","","","","","","","","","","","","","","","","","","","","","","","","","","","","","","","","","","","","","","","","","","","3.9215151760083","5.93611005938851","5.79213811982895","4.68085603795407","4.04289179376388","3.6412867248273","3.24484669266088","3.12168564309893","2.85780789607925","",
"Zambia","ZMB","Bank nonperforming loans to total gross loans (%)","FB.AST.NPER.ZS","","","","","","","","","","","","","","","","","","","","","","","","","","","","","","","","","","","","","","","","","","","","","","","","","","","14.823594208206","10.3761928815145","8.10539132030299","6.95836227043975","6.10431782511365","7.27921009900605","9.66492659101592","",
"Zimbabwe","ZWE","Bank nonperforming loans to total gross loans (%)","FB.AST.NPER.ZS","","","","","","","","","","","","","","","","","","","","","","","","","","","","","","","","","","","","","","","","","","","","","","","","","","","","","","","","","","",
